../../generation/data/offices_range1_agents2_0.exp ; 1 ; 41 ; 0.12 ; 19
../../generation/data/offices_range1_agents2_10.exp ; 1 ; 22 ; 0.05 ; 19
../../generation/data/offices_range1_agents2_11.exp ; 1 ; 27 ; 0.04 ; 19
../../generation/data/offices_range1_agents2_12.exp ; 1 ; 67 ; 0.03 ; 22
../../generation/data/offices_range1_agents2_13.exp ; 1 ; 52 ; 0.05 ; 20
../../generation/data/offices_range1_agents2_14.exp ; 1 ; 26 ; 0.04 ; 20
../../generation/data/offices_range1_agents2_15.exp ; 1 ; 43 ; 0.05 ; 19
../../generation/data/offices_range1_agents2_16.exp ; 1 ; 45 ; 0.03 ; 21
../../generation/data/offices_range1_agents2_17.exp ; 1 ; 31 ; 0.04 ; 21
../../generation/data/offices_range1_agents2_18.exp ; 1 ; 34 ; 0.05 ; 21
../../generation/data/offices_range1_agents2_19.exp ; 1 ; 43 ; 0.04 ; 22
../../generation/data/offices_range1_agents2_1.exp ; 1 ; 70 ; 0.04 ; 24
../../generation/data/offices_range1_agents2_2.exp ; 1 ; 35 ; 0.03 ; 20
../../generation/data/offices_range1_agents2_3.exp ; 1 ; 49 ; 0.05 ; 22
../../generation/data/offices_range1_agents2_4.exp ; 1 ; 49 ; 0.05 ; 22
../../generation/data/offices_range1_agents2_5.exp ; 1 ; 70 ; 0.06 ; 19
../../generation/data/offices_range1_agents2_6.exp ; 1 ; 26 ; 0.05 ; 19
../../generation/data/offices_range1_agents2_7.exp ; 1 ; 75 ; 0.05 ; 24
../../generation/data/offices_range1_agents2_8.exp ; 1 ; 51 ; 0.02 ; 20
../../generation/data/offices_range1_agents2_9.exp ; 1 ; 83 ; 0.03 ; 25
